<?xml version='1.1' encoding='UTF-8'?>
<Tag plugin="workflow-support@3.1">
  <node class="cps.n.StepStartNode" plugin="workflow-cps@2.62">
    <parentIds>
      <string>11</string>
    </parentIds>
    <id>12</id>
    <descriptorId>org.jenkinsci.plugins.workflow.support.steps.StageStep</descriptorId>
  </node>
  <actions>
    <wf.a.BodyInvocationAction plugin="workflow-api@2.33"/>
    <wf.a.LabelAction plugin="workflow-api@2.33">
      <displayName>build</displayName>
    </wf.a.LabelAction>
    <wf.a.TimingAction plugin="workflow-api@2.33">
      <startTime>1549991348472</startTime>
    </wf.a.TimingAction>
  </actions>
</Tag>