<?xml version='1.1' encoding='UTF-8'?>
<jenkins.branch.MultiBranchProject_-State plugin="branch-api@2.1.2">
  <sourceActions>
    <entry>
      <string>blueocean</string>
      <list>
        <org.jenkinsci.plugins.github__branch__source.GitHubRepoMetadataAction plugin="github-branch-source@2.4.2"/>
        <jenkins.scm.api.metadata.ObjectMetadataAction plugin="scm-api@2.3.0">
          <objectDescription>a maven project including devops configurations</objectDescription>
        </jenkins.scm.api.metadata.ObjectMetadataAction>
        <org.jenkinsci.plugins.github__branch__source.GitHubLink plugin="github-branch-source@2.4.2">
          <iconClassName>icon-github-repo</iconClassName>
          <url>https://github.com/veersudhir83/devops-web-maven</url>
        </org.jenkinsci.plugins.github__branch__source.GitHubLink>
        <org.jenkinsci.plugins.github__branch__source.GitHubDefaultBranch plugin="github-branch-source@2.4.2">
          <repoOwner>veersudhir83</repoOwner>
          <repository>devops-web-maven</repository>
          <defaultBranch>master</defaultBranch>
        </org.jenkinsci.plugins.github__branch__source.GitHubDefaultBranch>
      </list>
    </entry>
  </sourceActions>
</jenkins.branch.MultiBranchProject_-State>