<?xml version='1.1' encoding='UTF-8'?>
<Tag plugin="workflow-support@3.1">
  <node class="cps.n.StepStartNode" plugin="workflow-cps@2.62">
    <parentIds>
      <string>10</string>
    </parentIds>
    <id>11</id>
    <descriptorId>org.jenkinsci.plugins.workflow.support.steps.StageStep</descriptorId>
  </node>
  <actions>
    <cps.a.ArgumentsActionImpl plugin="workflow-cps@2.62">
      <arguments>
        <entry>
          <string>name</string>
          <string>print world</string>
        </entry>
      </arguments>
      <isUnmodifiedBySanitization>true</isUnmodifiedBySanitization>
    </cps.a.ArgumentsActionImpl>
    <wf.a.TimingAction plugin="workflow-api@2.33">
      <startTime>1549991244303</startTime>
    </wf.a.TimingAction>
  </actions>
</Tag>