<?xml version='1.1' encoding='UTF-8'?>
<Tag plugin="workflow-support@3.2">
  <node class="cps.n.StepStartNode" plugin="workflow-cps@2.63">
    <parentIds>
      <string>5</string>
    </parentIds>
    <id>6</id>
    <descriptorId>org.jenkinsci.plugins.workflow.support.steps.StageStep</descriptorId>
  </node>
  <actions>
    <wf.a.BodyInvocationAction plugin="workflow-api@2.33"/>
    <wf.a.LabelAction plugin="workflow-api@2.33">
      <displayName>Tool Setup</displayName>
    </wf.a.LabelAction>
    <wf.a.TimingAction plugin="workflow-api@2.33">
      <startTime>1550336328046</startTime>
    </wf.a.TimingAction>
  </actions>
</Tag>