<?xml version='1.1' encoding='UTF-8'?>
<jenkins.branch.MultiBranchProject_-BranchIndexing plugin="branch-api@2.1.2">
  <actions>
    <hudson.model.CauseAction>
      <causeBag class="linked-hash-map">
        <entry>
          <hudson.model.Cause_-UserIdCause>
            <userId>jenkins</userId>
          </hudson.model.Cause_-UserIdCause>
          <int>1</int>
        </entry>
      </causeBag>
    </hudson.model.CauseAction>
  </actions>
  <result>
    <name>SUCCESS</name>
    <ordinal>0</ordinal>
    <color>BLUE</color>
    <completeBuild>true</completeBuild>
  </result>
  <durations>
    <long>5671</long>
  </durations>
  <timestamp>1549990111929</timestamp>
  <duration>5671</duration>
</jenkins.branch.MultiBranchProject_-BranchIndexing>