<?xml version='1.1' encoding='UTF-8'?>
<Tag plugin="workflow-support@3.1">
  <node class="cps.n.StepAtomNode" plugin="workflow-cps@2.62">
    <parentIds>
      <string>2</string>
    </parentIds>
    <id>3</id>
    <descriptorId>org.jenkinsci.plugins.workflow.multibranch.JobPropertyStep</descriptorId>
  </node>
  <actions>
    <cps.a.ArgumentsActionImpl plugin="workflow-cps@2.62">
      <arguments>
        <entry>
          <string>properties</string>
          <list>
            <org.jenkinsci.plugins.structs.describable.UninstantiatedDescribable plugin="structs@1.17">
              <symbol>buildDiscarder</symbol>
              <arguments class="linked-hash-map">
                <entry>
                  <string>&lt;anonymous&gt;</string>
                  <org.jenkinsci.plugins.structs.describable.UninstantiatedDescribable>
                    <symbol>logRotator</symbol>
                    <arguments class="linked-hash-map">
                      <entry>
                        <string>artifactDaysToKeepStr</string>
                        <string>20</string>
                      </entry>
                      <entry>
                        <string>artifactNumToKeepStr</string>
                        <string>20</string>
                      </entry>
                      <entry>
                        <string>daysToKeepStr</string>
                        <string>20</string>
                      </entry>
                      <entry>
                        <string>numToKeepStr</string>
                        <string>20</string>
                      </entry>
                    </arguments>
                  </org.jenkinsci.plugins.structs.describable.UninstantiatedDescribable>
                </entry>
              </arguments>
            </org.jenkinsci.plugins.structs.describable.UninstantiatedDescribable>
            <linked-hash-map>
              <entry>
                <string>$class</string>
                <string>GithubProjectProperty</string>
              </entry>
              <entry>
                <string>projectUrlStr</string>
                <string>https://github.com/veersudhir83/devops-web-maven.git/</string>
              </entry>
            </linked-hash-map>
          </list>
        </entry>
      </arguments>
      <isUnmodifiedBySanitization>true</isUnmodifiedBySanitization>
    </cps.a.ArgumentsActionImpl>
    <wf.a.TimingAction plugin="workflow-api@2.33">
      <startTime>1549990131659</startTime>
    </wf.a.TimingAction>
    <s.a.LogStorageAction/>
  </actions>
</Tag>