<?xml version='1.1' encoding='UTF-8'?>
<Tag plugin="workflow-support@3.1">
  <node class="cps.n.StepEndNode" plugin="workflow-cps@2.62">
    <parentIds>
      <string>6</string>
    </parentIds>
    <id>7</id>
    <startId>4</startId>
  </node>
  <actions>
    <wf.a.TimingAction plugin="workflow-api@2.33">
      <startTime>1549990137153</startTime>
    </wf.a.TimingAction>
    <wf.a.ErrorAction plugin="workflow-api@2.33">
      <error class="java.lang.NoSuchMethodError">
        <detailMessage>No such DSL method &apos;slackSend&apos; found among steps [ansiblePlaybook, ansibleVault, archive, bat, build, catchError, checkout, deleteDir, dir, dockerFingerprintFrom, dockerFingerprintRun, echo, emailext, emailextrecipients, envVarsForTool, error, fileExists, getContext, git, input, isUnix, jiraComment, jiraIssueSelector, jiraSearch, junit, library, libraryResource, load, lock, mail, milestone, node, parallel, powershell, properties, publishHTML, pwd, readFile, readTrusted, resolveScm, retry, script, sh, sleep, stage, stash, step, svn, timeout, timestamps, tm, tool, unarchive, unstash, validateDeclarativePipeline, waitUntil, withContext, withCredentials, withDockerContainer, withDockerRegistry, withDockerServer, withEnv, wrap, writeFile, ws] or symbols [all, allOf, always, ant, antFromApache, antOutcome, antTarget, any, anyOf, apiToken, architecture, archiveArtifacts, artifactManager, authorizationMatrix, batchFile, bitbucket, booleanParam, branch, brokenBuildSuspects, brokenTestsSuspects, buildButton, buildDiscarder, buildingTag, caseInsensitive, caseSensitive, certificate, changeRequest, changelog, changeset, checkoutToSubdirectory, choice, choiceParam, cleanWs, clock, cloud, command, credentials, cron, crumb, culprits, defaultView, demand, developers, disableConcurrentBuilds, disableResume, docker, dockerCert, dockerfile, downloadSettings, downstream, dumb, durabilityHint, envVars, environment, equals, expression, file, fileParam, filePath, fingerprint, frameOptions, freeStyle, freeStyleJob, fromScm, fromSource, git, github, githubPush, gradle, headRegexFilter, headWildcardFilter, hyperlink, hyperlinkToModels, inheriting, inheritingGlobal, installSource, isRestartedRun, jdk, jdkInstaller, jgit, jgitapache, jnlp, jobName, label, lastDuration, lastFailure, lastGrantedAuthorities, lastStable, lastSuccess, legacy, legacySCM, list, local, location, logRotator, loggedInUsersCanDoAnything, masterBuild, maven, maven3Mojos, mavenErrors, mavenMojos, mavenWarnings, modernSCM, myView, newContainerPerStage, node, nodeProperties, nonInheriting, nonStoredPasswordParam, none, not, overrideIndexTriggers, paneStatus, parallelsAlwaysFailFast, parameters, password, pattern, permanent, pipeline-model, pipelineTriggers, plainText, plugin, pollSCM, preserveStashes, projectNamingStrategy, proxy, queueItemAuthenticator, quietPeriod, rateLimitBuilds, recipients, remotingCLI, requestor, run, runParam, schedule, scmRetryCount, scriptApprovalLink, search, security, shell, skipDefaultCheckout, skipStagesAfterUnstable, slave, sourceRegexFilter, sourceWildcardFilter, sshUserPrivateKey, stackTrace, standard, status, string, stringParam, swapSpace, tag, text, textParam, tmpSpace, toolLocation, triggeredBy, unsecured, upstream, upstreamDevelopers, userSeed, usernameColonPassword, usernamePassword, viewsTabBar, weather, withAnt, zfs, zip] or globals [currentBuild, docker, env, params, pipeline, scm]</detailMessage>
        <stackTrace>
          <trace>org.jenkinsci.plugins.workflow.cps.DSL.invokeMethod(DSL.java:199)</trace>
          <trace>org.jenkinsci.plugins.workflow.cps.CpsScript.invokeMethod(CpsScript.java:122)</trace>
          <trace>sun.reflect.NativeMethodAccessorImpl.invoke0(Native Method)</trace>
          <trace>sun.reflect.NativeMethodAccessorImpl.invoke(NativeMethodAccessorImpl.java:62)</trace>
          <trace>sun.reflect.DelegatingMethodAccessorImpl.invoke(DelegatingMethodAccessorImpl.java:43)</trace>
          <trace>java.lang.reflect.Method.invoke(Method.java:498)</trace>
          <trace>org.codehaus.groovy.reflection.CachedMethod.invoke(CachedMethod.java:93)</trace>
          <trace>groovy.lang.MetaMethod.doMethodInvoke(MetaMethod.java:325)</trace>
          <trace>groovy.lang.MetaClassImpl.invokeMethod(MetaClassImpl.java:1213)</trace>
          <trace>groovy.lang.MetaClassImpl.invokeMethod(MetaClassImpl.java:1022)</trace>
          <trace>org.codehaus.groovy.runtime.callsite.PogoMetaClassSite.call(PogoMetaClassSite.java:42)</trace>
          <trace>org.codehaus.groovy.runtime.callsite.CallSiteArray.defaultCall(CallSiteArray.java:48)</trace>
          <trace>org.codehaus.groovy.runtime.callsite.AbstractCallSite.call(AbstractCallSite.java:113)</trace>
          <trace>org.kohsuke.groovy.sandbox.impl.Checker$1.call(Checker.java:157)</trace>
          <trace>org.kohsuke.groovy.sandbox.GroovyInterceptor.onMethodCall(GroovyInterceptor.java:23)</trace>
          <trace>org.jenkinsci.plugins.scriptsecurity.sandbox.groovy.SandboxInterceptor.onMethodCall(SandboxInterceptor.java:155)</trace>
          <trace>org.kohsuke.groovy.sandbox.impl.Checker$1.call(Checker.java:155)</trace>
          <trace>org.kohsuke.groovy.sandbox.impl.Checker.checkedCall(Checker.java:159)</trace>
          <trace>org.kohsuke.groovy.sandbox.impl.Checker.checkedCall(Checker.java:129)</trace>
          <trace>com.cloudbees.groovy.cps.sandbox.SandboxInvoker.methodCall(SandboxInvoker.java:17)</trace>
          <trace>WorkflowScript.run(WorkflowScript:53)</trace>
          <trace>___cps.transform___(Native Method)</trace>
          <trace>com.cloudbees.groovy.cps.impl.ContinuationGroup.methodCall(ContinuationGroup.java:57)</trace>
          <trace>com.cloudbees.groovy.cps.impl.FunctionCallBlock$ContinuationImpl.dispatchOrArg(FunctionCallBlock.java:109)</trace>
          <trace>com.cloudbees.groovy.cps.impl.FunctionCallBlock$ContinuationImpl.fixArg(FunctionCallBlock.java:82)</trace>
          <trace>sun.reflect.GeneratedMethodAccessor445.invoke(Unknown Source)</trace>
          <trace>sun.reflect.DelegatingMethodAccessorImpl.invoke(DelegatingMethodAccessorImpl.java:43)</trace>
          <trace>java.lang.reflect.Method.invoke(Method.java:498)</trace>
          <trace>com.cloudbees.groovy.cps.impl.ContinuationPtr$ContinuationImpl.receive(ContinuationPtr.java:72)</trace>
          <trace>com.cloudbees.groovy.cps.impl.CollectionLiteralBlock$ContinuationImpl.dispatch(CollectionLiteralBlock.java:55)</trace>
          <trace>com.cloudbees.groovy.cps.impl.CollectionLiteralBlock$ContinuationImpl.item(CollectionLiteralBlock.java:45)</trace>
          <trace>sun.reflect.GeneratedMethodAccessor436.invoke(Unknown Source)</trace>
          <trace>sun.reflect.DelegatingMethodAccessorImpl.invoke(DelegatingMethodAccessorImpl.java:43)</trace>
          <trace>java.lang.reflect.Method.invoke(Method.java:498)</trace>
          <trace>com.cloudbees.groovy.cps.impl.ContinuationPtr$ContinuationImpl.receive(ContinuationPtr.java:72)</trace>
          <trace>com.cloudbees.groovy.cps.impl.FunctionCallBlock$ContinuationImpl.dispatchOrArg(FunctionCallBlock.java:103)</trace>
          <trace>com.cloudbees.groovy.cps.impl.FunctionCallBlock$ContinuationImpl.fixArg(FunctionCallBlock.java:82)</trace>
          <trace>sun.reflect.GeneratedMethodAccessor445.invoke(Unknown Source)</trace>
          <trace>sun.reflect.DelegatingMethodAccessorImpl.invoke(DelegatingMethodAccessorImpl.java:43)</trace>
          <trace>java.lang.reflect.Method.invoke(Method.java:498)</trace>
          <trace>com.cloudbees.groovy.cps.impl.ContinuationPtr$ContinuationImpl.receive(ContinuationPtr.java:72)</trace>
          <trace>com.cloudbees.groovy.cps.impl.ContinuationGroup.methodCall(ContinuationGroup.java:60)</trace>
          <trace>com.cloudbees.groovy.cps.impl.FunctionCallBlock$ContinuationImpl.dispatchOrArg(FunctionCallBlock.java:109)</trace>
          <trace>com.cloudbees.groovy.cps.impl.FunctionCallBlock$ContinuationImpl.fixArg(FunctionCallBlock.java:82)</trace>
          <trace>sun.reflect.GeneratedMethodAccessor445.invoke(Unknown Source)</trace>
          <trace>sun.reflect.DelegatingMethodAccessorImpl.invoke(DelegatingMethodAccessorImpl.java:43)</trace>
          <trace>java.lang.reflect.Method.invoke(Method.java:498)</trace>
          <trace>com.cloudbees.groovy.cps.impl.ContinuationPtr$ContinuationImpl.receive(ContinuationPtr.java:72)</trace>
          <trace>com.cloudbees.groovy.cps.impl.ConstantBlock.eval(ConstantBlock.java:21)</trace>
          <trace>com.cloudbees.groovy.cps.Next.step(Next.java:83)</trace>
          <trace>com.cloudbees.groovy.cps.Continuable$1.call(Continuable.java:174)</trace>
          <trace>com.cloudbees.groovy.cps.Continuable$1.call(Continuable.java:163)</trace>
          <trace>org.codehaus.groovy.runtime.GroovyCategorySupport$ThreadCategoryInfo.use(GroovyCategorySupport.java:129)</trace>
          <trace>org.codehaus.groovy.runtime.GroovyCategorySupport.use(GroovyCategorySupport.java:268)</trace>
          <trace>com.cloudbees.groovy.cps.Continuable.run0(Continuable.java:163)</trace>
          <trace>org.jenkinsci.plugins.workflow.cps.SandboxContinuable.access$101(SandboxContinuable.java:34)</trace>
          <trace>org.jenkinsci.plugins.workflow.cps.SandboxContinuable.lambda$run0$0(SandboxContinuable.java:59)</trace>
          <trace>org.jenkinsci.plugins.scriptsecurity.sandbox.groovy.GroovySandbox.runInSandbox(GroovySandbox.java:121)</trace>
          <trace>org.jenkinsci.plugins.workflow.cps.SandboxContinuable.run0(SandboxContinuable.java:58)</trace>
          <trace>org.jenkinsci.plugins.workflow.cps.CpsThread.runNextChunk(CpsThread.java:182)</trace>
          <trace>org.jenkinsci.plugins.workflow.cps.CpsThreadGroup.run(CpsThreadGroup.java:332)</trace>
          <trace>org.jenkinsci.plugins.workflow.cps.CpsThreadGroup.access$200(CpsThreadGroup.java:83)</trace>
          <trace>org.jenkinsci.plugins.workflow.cps.CpsThreadGroup$2.call(CpsThreadGroup.java:244)</trace>
          <trace>org.jenkinsci.plugins.workflow.cps.CpsThreadGroup$2.call(CpsThreadGroup.java:232)</trace>
          <trace>org.jenkinsci.plugins.workflow.cps.CpsVmExecutorService$2.call(CpsVmExecutorService.java:64)</trace>
          <trace>java.util.concurrent.FutureTask.run(FutureTask.java:266)</trace>
          <trace>hudson.remoting.SingleLaneExecutorService$1.run(SingleLaneExecutorService.java:131)</trace>
          <trace>jenkins.util.ContextResettingExecutorService$1.run(ContextResettingExecutorService.java:28)</trace>
          <trace>jenkins.security.ImpersonatingExecutorService$1.run(ImpersonatingExecutorService.java:59)</trace>
          <trace>java.util.concurrent.Executors$RunnableAdapter.call(Executors.java:511)</trace>
          <trace>java.util.concurrent.FutureTask.run(FutureTask.java:266)</trace>
          <trace>java.util.concurrent.ThreadPoolExecutor.runWorker(ThreadPoolExecutor.java:1149)</trace>
          <trace>java.util.concurrent.ThreadPoolExecutor$Worker.run(ThreadPoolExecutor.java:624)</trace>
          <trace>java.lang.Thread.run(Thread.java:748)</trace>
        </stackTrace>
        <suppressedExceptions class="java.util.Collections$UnmodifiableRandomAccessList" resolves-to="java.util.Collections$UnmodifiableList">
          <c class="list"/>
          <list reference="../c"/>
        </suppressedExceptions>
      </error>
    </wf.a.ErrorAction>
    <wf.a.ErrorAction plugin="workflow-api@2.33">
      <error class="java.lang.NoSuchMethodError" reference="../../wf.a.ErrorAction/error"/>
    </wf.a.ErrorAction>
  </actions>
</Tag>